[
{
  "model": "auth.permission",
  "pk": 1,
  "fields": {
    "name": "Can add log entry",
    "content_type": 1,
    "codename": "add_logentry"
  }
},
{
  "model": "auth.permission",
  "pk": 2,
  "fields": {
    "name": "Can change log entry",
    "content_type": 1,
    "codename": "change_logentry"
  }
},
{
  "model": "auth.permission",
  "pk": 3,
  "fields": {
    "name": "Can delete log entry",
    "content_type": 1,
    "codename": "delete_logentry"
  }
},
{
  "model": "auth.permission",
  "pk": 4,
  "fields": {
    "name": "Can view log entry",
    "content_type": 1,
    "codename": "view_logentry"
  }
},
{
  "model": "auth.permission",
  "pk": 5,
  "fields": {
    "name": "Can add permission",
    "content_type": 2,
    "codename": "add_permission"
  }
},
{
  "model": "auth.permission",
  "pk": 6,
  "fields": {
    "name": "Can change permission",
    "content_type": 2,
    "codename": "change_permission"
  }
},
{
  "model": "auth.permission",
  "pk": 7,
  "fields": {
    "name": "Can delete permission",
    "content_type": 2,
    "codename": "delete_permission"
  }
},
{
  "model": "auth.permission",
  "pk": 8,
  "fields": {
    "name": "Can view permission",
    "content_type": 2,
    "codename": "view_permission"
  }
},
{
  "model": "auth.permission",
  "pk": 9,
  "fields": {
    "name": "Can add group",
    "content_type": 3,
    "codename": "add_group"
  }
},
{
  "model": "auth.permission",
  "pk": 10,
  "fields": {
    "name": "Can change group",
    "content_type": 3,
    "codename": "change_group"
  }
},
{
  "model": "auth.permission",
  "pk": 11,
  "fields": {
    "name": "Can delete group",
    "content_type": 3,
    "codename": "delete_group"
  }
},
{
  "model": "auth.permission",
  "pk": 12,
  "fields": {
    "name": "Can view group",
    "content_type": 3,
    "codename": "view_group"
  }
},
{
  "model": "auth.permission",
  "pk": 13,
  "fields": {
    "name": "Can add user",
    "content_type": 4,
    "codename": "add_user"
  }
},
{
  "model": "auth.permission",
  "pk": 14,
  "fields": {
    "name": "Can change user",
    "content_type": 4,
    "codename": "change_user"
  }
},
{
  "model": "auth.permission",
  "pk": 15,
  "fields": {
    "name": "Can delete user",
    "content_type": 4,
    "codename": "delete_user"
  }
},
{
  "model": "auth.permission",
  "pk": 16,
  "fields": {
    "name": "Can view user",
    "content_type": 4,
    "codename": "view_user"
  }
},
{
  "model": "auth.permission",
  "pk": 17,
  "fields": {
    "name": "Can add content type",
    "content_type": 5,
    "codename": "add_contenttype"
  }
},
{
  "model": "auth.permission",
  "pk": 18,
  "fields": {
    "name": "Can change content type",
    "content_type": 5,
    "codename": "change_contenttype"
  }
},
{
  "model": "auth.permission",
  "pk": 19,
  "fields": {
    "name": "Can delete content type",
    "content_type": 5,
    "codename": "delete_contenttype"
  }
},
{
  "model": "auth.permission",
  "pk": 20,
  "fields": {
    "name": "Can view content type",
    "content_type": 5,
    "codename": "view_contenttype"
  }
},
{
  "model": "auth.permission",
  "pk": 21,
  "fields": {
    "name": "Can add session",
    "content_type": 6,
    "codename": "add_session"
  }
},
{
  "model": "auth.permission",
  "pk": 22,
  "fields": {
    "name": "Can change session",
    "content_type": 6,
    "codename": "change_session"
  }
},
{
  "model": "auth.permission",
  "pk": 23,
  "fields": {
    "name": "Can delete session",
    "content_type": 6,
    "codename": "delete_session"
  }
},
{
  "model": "auth.permission",
  "pk": 24,
  "fields": {
    "name": "Can view session",
    "content_type": 6,
    "codename": "view_session"
  }
},
{
  "model": "auth.permission",
  "pk": 25,
  "fields": {
    "name": "Can add Token",
    "content_type": 7,
    "codename": "add_token"
  }
},
{
  "model": "auth.permission",
  "pk": 26,
  "fields": {
    "name": "Can change Token",
    "content_type": 7,
    "codename": "change_token"
  }
},
{
  "model": "auth.permission",
  "pk": 27,
  "fields": {
    "name": "Can delete Token",
    "content_type": 7,
    "codename": "delete_token"
  }
},
{
  "model": "auth.permission",
  "pk": 28,
  "fields": {
    "name": "Can view Token",
    "content_type": 7,
    "codename": "view_token"
  }
},
{
  "model": "auth.permission",
  "pk": 29,
  "fields": {
    "name": "Can add token",
    "content_type": 8,
    "codename": "add_tokenproxy"
  }
},
{
  "model": "auth.permission",
  "pk": 30,
  "fields": {
    "name": "Can change token",
    "content_type": 8,
    "codename": "change_tokenproxy"
  }
},
{
  "model": "auth.permission",
  "pk": 31,
  "fields": {
    "name": "Can delete token",
    "content_type": 8,
    "codename": "delete_tokenproxy"
  }
},
{
  "model": "auth.permission",
  "pk": 32,
  "fields": {
    "name": "Can view token",
    "content_type": 8,
    "codename": "view_tokenproxy"
  }
},
{
  "model": "auth.permission",
  "pk": 33,
  "fields": {
    "name": "Can add Продукт",
    "content_type": 9,
    "codename": "add_product"
  }
},
{
  "model": "auth.permission",
  "pk": 34,
  "fields": {
    "name": "Can change Продукт",
    "content_type": 9,
    "codename": "change_product"
  }
},
{
  "model": "auth.permission",
  "pk": 35,
  "fields": {
    "name": "Can delete Продукт",
    "content_type": 9,
    "codename": "delete_product"
  }
},
{
  "model": "auth.permission",
  "pk": 36,
  "fields": {
    "name": "Can view Продукт",
    "content_type": 9,
    "codename": "view_product"
  }
},
{
  "model": "auth.permission",
  "pk": 37,
  "fields": {
    "name": "Can add Отзыв",
    "content_type": 10,
    "codename": "add_review"
  }
},
{
  "model": "auth.permission",
  "pk": 38,
  "fields": {
    "name": "Can change Отзыв",
    "content_type": 10,
    "codename": "change_review"
  }
},
{
  "model": "auth.permission",
  "pk": 39,
  "fields": {
    "name": "Can delete Отзыв",
    "content_type": 10,
    "codename": "delete_review"
  }
},
{
  "model": "auth.permission",
  "pk": 40,
  "fields": {
    "name": "Can view Отзыв",
    "content_type": 10,
    "codename": "view_review"
  }
},
{
  "model": "auth.permission",
  "pk": 41,
  "fields": {
    "name": "Can add Подборка",
    "content_type": 11,
    "codename": "add_productcollections"
  }
},
{
  "model": "auth.permission",
  "pk": 42,
  "fields": {
    "name": "Can change Подборка",
    "content_type": 11,
    "codename": "change_productcollections"
  }
},
{
  "model": "auth.permission",
  "pk": 43,
  "fields": {
    "name": "Can delete Подборка",
    "content_type": 11,
    "codename": "delete_productcollections"
  }
},
{
  "model": "auth.permission",
  "pk": 44,
  "fields": {
    "name": "Can view Подборка",
    "content_type": 11,
    "codename": "view_productcollections"
  }
},
{
  "model": "auth.permission",
  "pk": 45,
  "fields": {
    "name": "Can add Заказ",
    "content_type": 12,
    "codename": "add_order"
  }
},
{
  "model": "auth.permission",
  "pk": 46,
  "fields": {
    "name": "Can change Заказ",
    "content_type": 12,
    "codename": "change_order"
  }
},
{
  "model": "auth.permission",
  "pk": 47,
  "fields": {
    "name": "Can delete Заказ",
    "content_type": 12,
    "codename": "delete_order"
  }
},
{
  "model": "auth.permission",
  "pk": 48,
  "fields": {
    "name": "Can view Заказ",
    "content_type": 12,
    "codename": "view_order"
  }
},
{
  "model": "auth.permission",
  "pk": 49,
  "fields": {
    "name": "Can add positions",
    "content_type": 13,
    "codename": "add_positions"
  }
},
{
  "model": "auth.permission",
  "pk": 50,
  "fields": {
    "name": "Can change positions",
    "content_type": 13,
    "codename": "change_positions"
  }
},
{
  "model": "auth.permission",
  "pk": 51,
  "fields": {
    "name": "Can delete positions",
    "content_type": 13,
    "codename": "delete_positions"
  }
},
{
  "model": "auth.permission",
  "pk": 52,
  "fields": {
    "name": "Can view positions",
    "content_type": 13,
    "codename": "view_positions"
  }
},
{
  "model": "auth.permission",
  "pk": 53,
  "fields": {
    "name": "Can add Наименование",
    "content_type": 14,
    "codename": "add_position"
  }
},
{
  "model": "auth.permission",
  "pk": 54,
  "fields": {
    "name": "Can change Наименование",
    "content_type": 14,
    "codename": "change_position"
  }
},
{
  "model": "auth.permission",
  "pk": 55,
  "fields": {
    "name": "Can delete Наименование",
    "content_type": 14,
    "codename": "delete_position"
  }
},
{
  "model": "auth.permission",
  "pk": 56,
  "fields": {
    "name": "Can view Наименование",
    "content_type": 14,
    "codename": "view_position"
  }
},
{
  "model": "auth.permission",
  "pk": 57,
  "fields": {
    "name": "Can add product list for collection",
    "content_type": 15,
    "codename": "add_productlistforcollection"
  }
},
{
  "model": "auth.permission",
  "pk": 58,
  "fields": {
    "name": "Can change product list for collection",
    "content_type": 15,
    "codename": "change_productlistforcollection"
  }
},
{
  "model": "auth.permission",
  "pk": 59,
  "fields": {
    "name": "Can delete product list for collection",
    "content_type": 15,
    "codename": "delete_productlistforcollection"
  }
},
{
  "model": "auth.permission",
  "pk": 60,
  "fields": {
    "name": "Can view product list for collection",
    "content_type": 15,
    "codename": "view_productlistforcollection"
  }
},
{
  "model": "auth.user",
  "pk": 1,
  "fields": {
    "password": "admin",
    "last_login": "2021-01-30T10:28:02.722Z",
    "is_superuser": true,
    "username": "admin",
    "first_name": "",
    "last_name": "",
    "email": "",
    "is_staff": true,
    "is_active": true,
    "date_joined": "2021-01-10T07:02:27.678Z",
    "groups": [],
    "user_permissions": []
  }
},
{
  "model": "auth.user",
  "pk": 2,
  "fields": {
    "password": "pbkdf2_sha256$216000$xkohkWHUuID0$cQwlu4YPpS/SVDNQTkN+vpWt8zxlWx19u57zAbgl6b8=",
    "last_login": null,
    "is_superuser": false,
    "username": "client",
    "first_name": "",
    "last_name": "",
    "email": "",
    "is_staff": false,
    "is_active": false,
    "date_joined": "2021-01-10T07:05:23Z",
    "groups": [],
    "user_permissions": []
  }
},
{
  "model": "auth.user",
  "pk": 3,
  "fields": {
    "password": "pbkdf2_sha256$216000$ojeKwSDKyhtk$ZBDJ/YOZ4Fph6IBEut7d5T/+WllgV16PeTRC6Ci2Nvs=",
    "last_login": null,
    "is_superuser": false,
    "username": "vasia",
    "first_name": "",
    "last_name": "",
    "email": "",
    "is_staff": false,
    "is_active": false,
    "date_joined": "2021-01-10T07:07:24Z",
    "groups": [],
    "user_permissions": []
  }
},
{
  "model": "contenttypes.contenttype",
  "pk": 1,
  "fields": {
    "app_label": "admin",
    "model": "logentry"
  }
},
{
  "model": "contenttypes.contenttype",
  "pk": 2,
  "fields": {
    "app_label": "auth",
    "model": "permission"
  }
},
{
  "model": "contenttypes.contenttype",
  "pk": 3,
  "fields": {
    "app_label": "auth",
    "model": "group"
  }
},
{
  "model": "contenttypes.contenttype",
  "pk": 4,
  "fields": {
    "app_label": "auth",
    "model": "user"
  }
},
{
  "model": "contenttypes.contenttype",
  "pk": 5,
  "fields": {
    "app_label": "contenttypes",
    "model": "contenttype"
  }
},
{
  "model": "contenttypes.contenttype",
  "pk": 6,
  "fields": {
    "app_label": "sessions",
    "model": "session"
  }
},
{
  "model": "contenttypes.contenttype",
  "pk": 7,
  "fields": {
    "app_label": "authtoken",
    "model": "token"
  }
},
{
  "model": "contenttypes.contenttype",
  "pk": 8,
  "fields": {
    "app_label": "authtoken",
    "model": "tokenproxy"
  }
},
{
  "model": "contenttypes.contenttype",
  "pk": 9,
  "fields": {
    "app_label": "shop_api",
    "model": "product"
  }
},
{
  "model": "contenttypes.contenttype",
  "pk": 10,
  "fields": {
    "app_label": "shop_api",
    "model": "review"
  }
},
{
  "model": "contenttypes.contenttype",
  "pk": 11,
  "fields": {
    "app_label": "shop_api",
    "model": "productcollections"
  }
},
{
  "model": "contenttypes.contenttype",
  "pk": 12,
  "fields": {
    "app_label": "shop_api",
    "model": "order"
  }
},
{
  "model": "contenttypes.contenttype",
  "pk": 13,
  "fields": {
    "app_label": "shop_api",
    "model": "positions"
  }
},
{
  "model": "contenttypes.contenttype",
  "pk": 14,
  "fields": {
    "app_label": "shop_api",
    "model": "position"
  }
},
{
  "model": "contenttypes.contenttype",
  "pk": 15,
  "fields": {
    "app_label": "shop_api",
    "model": "productlistforcollection"
  }
},
{
  "model": "shop_api.productcollections",
  "pk": 1,
  "fields": {
    "title": "Для дома",
    "text": "товары для дома",
    "created_at": "2021-01-23T15:57:51.676Z",
    "updated_at": "2021-01-23T15:57:51.676Z"
  }
},
{
  "model": "shop_api.productcollections",
  "pk": 2,
  "fields": {
    "title": "для гаража",
    "text": "товары для гаража",
    "created_at": "2021-01-24T08:55:45.503Z",
    "updated_at": "2021-01-25T14:29:34.428Z"
  }
},
{
  "model": "shop_api.product",
  "pk": 1,
  "fields": {
    "name": "Арбуз",
    "description": "Вкусный, сочный",
    "price": 150,
    "created_at": "2021-01-08T08:29:22.792Z",
    "updated_at": "2021-01-08T08:29:22.792Z",
    "product_collection": null
  }
},
{
  "model": "shop_api.product",
  "pk": 2,
  "fields": {
    "name": "Стул",
    "description": "Крепкий",
    "price": 800,
    "created_at": "2021-01-08T08:30:29.690Z",
    "updated_at": "2021-01-08T08:30:29.690Z",
    "product_collection": null
  }
},
{
  "model": "shop_api.product",
  "pk": 3,
  "fields": {
    "name": "Автомобиль",
    "description": "Б/у, в хорошем состоянии",
    "price": 100000,
    "created_at": "2021-01-08T08:33:40.321Z",
    "updated_at": "2021-01-08T08:33:40.321Z",
    "product_collection": null
  }
},
{
  "model": "shop_api.product",
  "pk": 4,
  "fields": {
    "name": "Ёлка",
    "description": "Красивая, пушистая",
    "price": 500,
    "created_at": "2021-01-08T08:34:06.842Z",
    "updated_at": "2021-01-08T08:34:06.842Z",
    "product_collection": null
  }
},
{
  "model": "shop_api.product",
  "pk": 5,
  "fields": {
    "name": "Стол",
    "description": "Крепкий",
    "price": 6000,
    "created_at": "2021-01-08T08:34:22.789Z",
    "updated_at": "2021-01-08T08:34:22.789Z",
    "product_collection": null
  }
},
{
  "model": "shop_api.order",
  "pk": 1,
  "fields": {
    "user": 1,
    "status": "NEW",
    "count": 17,
    "total": "53650.00",
    "created_at": "2021-01-16T05:27:55.621Z",
    "updated_at": "2021-01-19T20:05:07.758Z"
  }
},
{
  "model": "shop_api.order",
  "pk": 2,
  "fields": {
    "user": 3,
    "status": "NEW",
    "count": 12,
    "total": "117650.00",
    "created_at": "2021-01-19T09:24:04.415Z",
    "updated_at": "2021-01-19T20:02:59.579Z"
  }
},
{
  "model": "shop_api.order",
  "pk": 3,
  "fields": {
    "user": 2,
    "status": "NEW",
    "count": 3,
    "total": "2100.00",
    "created_at": "2021-01-19T10:06:27.416Z",
    "updated_at": "2021-01-19T20:06:34.340Z"
  }
},
{
  "model": "shop_api.order",
  "pk": 4,
  "fields": {
    "user": 2,
    "status": "NEW",
    "count": 0,
    "total": "0.00",
    "created_at": "2021-02-03T11:36:12.378Z",
    "updated_at": "2021-02-03T11:36:12.378Z"
  }
},
{
  "model": "shop_api.productlistforcollection",
  "pk": 1,
  "fields": {
    "product": 2,
    "collection": 1
  }
},
{
  "model": "shop_api.productlistforcollection",
  "pk": 2,
  "fields": {
    "product": 2,
    "collection": 1
  }
},
{
  "model": "shop_api.productlistforcollection",
  "pk": 3,
  "fields": {
    "product": 1,
    "collection": 1
  }
},
{
  "model": "shop_api.productlistforcollection",
  "pk": 4,
  "fields": {
    "product": 4,
    "collection": 1
  }
},
{
  "model": "shop_api.productlistforcollection",
  "pk": 5,
  "fields": {
    "product": 3,
    "collection": 2
  }
},
{
  "model": "shop_api.productlistforcollection",
  "pk": 6,
  "fields": {
    "product": 5,
    "collection": 2
  }
},
{
  "model": "shop_api.productlistforcollection",
  "pk": 7,
  "fields": {
    "product": 4,
    "collection": 2
  }
},
{
  "model": "shop_api.position",
  "pk": 1,
  "fields": {
    "product": 2,
    "order": 1,
    "quantity": 4
  }
},
{
  "model": "shop_api.position",
  "pk": 2,
  "fields": {
    "product": 1,
    "order": 1,
    "quantity": 3
  }
},
{
  "model": "shop_api.position",
  "pk": 3,
  "fields": {
    "product": 3,
    "order": 1,
    "quantity": 5
  }
},
{
  "model": "shop_api.position",
  "pk": 4,
  "fields": {
    "product": 1,
    "order": 2,
    "quantity": 1
  }
},
{
  "model": "shop_api.position",
  "pk": 5,
  "fields": {
    "product": 5,
    "order": 2,
    "quantity": 2
  }
},
{
  "model": "shop_api.position",
  "pk": 6,
  "fields": {
    "product": 2,
    "order": 2,
    "quantity": 5
  }
},
{
  "model": "shop_api.position",
  "pk": 7,
  "fields": {
    "product": 4,
    "order": 2,
    "quantity": 1
  }
},
{
  "model": "shop_api.position",
  "pk": 8,
  "fields": {
    "product": 4,
    "order": 1,
    "quantity": 2
  }
},
{
  "model": "shop_api.position",
  "pk": 9,
  "fields": {
    "product": 3,
    "order": 2,
    "quantity": 1
  }
},
{
  "model": "shop_api.position",
  "pk": 10,
  "fields": {
    "product": 5,
    "order": 1,
    "quantity": 6
  }
},
{
  "model": "shop_api.position",
  "pk": 11,
  "fields": {
    "product": 2,
    "order": 3,
    "quantity": 2
  }
},
{
  "model": "shop_api.position",
  "pk": 12,
  "fields": {
    "product": 4,
    "order": 3,
    "quantity": 1
  }
},
{
  "model": "shop_api.review",
  "pk": 1,
  "fields": {
    "creator": 3,
    "review_text": "Очень вкусный, сочный!",
    "rating": 5,
    "product": 1,
    "created_at": "2021-01-08T10:11:51.276Z",
    "updated_at": "2021-01-10T07:08:43.090Z"
  }
},
{
  "model": "shop_api.review",
  "pk": 2,
  "fields": {
    "creator": 1,
    "review_text": "Реально пушистая",
    "rating": 4,
    "product": 4,
    "created_at": "2021-01-09T02:38:28.714Z",
    "updated_at": "2021-01-10T07:08:50.282Z"
  }
},
{
  "model": "shop_api.review",
  "pk": 3,
  "fields": {
    "creator": 2,
    "review_text": "невкусный",
    "rating": 1,
    "product": 1,
    "created_at": "2021-01-09T02:40:00.619Z",
    "updated_at": "2021-01-10T07:08:56.225Z"
  }
},
{
  "model": "shop_api.review",
  "pk": 4,
  "fields": {
    "creator": 1,
    "review_text": "Мощный, крепкий, деревянный",
    "rating": 3,
    "product": 2,
    "created_at": "2021-01-10T09:17:31.566Z",
    "updated_at": "2021-01-10T09:17:31.566Z"
  }
},
{
  "model": "shop_api.review",
  "pk": 5,
  "fields": {
    "creator": 1,
    "review_text": "хлам",
    "rating": 1,
    "product": 3,
    "created_at": "2021-01-16T08:09:04.885Z",
    "updated_at": "2021-01-16T08:09:04.885Z"
  }
},
{
  "model": "shop_api.review",
  "pk": 6,
  "fields": {
    "creator": 1,
    "review_text": "труха",
    "rating": 2,
    "product": 5,
    "created_at": "2021-01-16T08:16:24.394Z",
    "updated_at": "2021-01-16T08:16:24.394Z"
  }
},
{
  "model": "shop_api.review",
  "pk": 7,
  "fields": {
    "creator": 1,
    "review_text": "нормальный",
    "rating": 4,
    "product": 1,
    "created_at": "2021-01-16T08:18:52.150Z",
    "updated_at": "2021-01-16T08:18:52.150Z"
  }
}
]
