[
{
  "model": "admin.logentry",
  "pk": 73,
  "fields": {
    "action_time": "2021-02-13T05:38:17.922Z",
    "user": 4,
    "content_type": 4,
    "object_id": "5",
    "object_repr": "petya",
    "action_flag": 1,
    "change_message": "[{\"added\": {}}]"
  }
},
{
  "model": "admin.logentry",
  "pk": 74,
  "fields": {
    "action_time": "2021-02-13T05:38:49.860Z",
    "user": 4,
    "content_type": 12,
    "object_id": "17",
    "object_repr": "User: petya has 0 items in order. Their total is $0.0",
    "action_flag": 1,
    "change_message": "[{\"added\": {}}]"
  }
},
{
  "model": "admin.logentry",
  "pk": 75,
  "fields": {
    "action_time": "2021-02-13T05:39:06.214Z",
    "user": 4,
    "content_type": 12,
    "object_id": "17",
    "object_repr": "User: petya has 4 items in order. Their total is $3200.00",
    "action_flag": 2,
    "change_message": "[{\"added\": {\"name\": \"\\u041d\\u0430\\u0438\\u043c\\u0435\\u043d\\u043e\\u0432\\u0430\\u043d\\u0438\\u0435\", \"object\": \"This entry contains 4 \\u0421\\u0442\\u0443\\u043b(s).\"}}]"
  }
},
{
  "model": "admin.logentry",
  "pk": 76,
  "fields": {
    "action_time": "2021-02-13T05:39:13.983Z",
    "user": 4,
    "content_type": 12,
    "object_id": "17",
    "object_repr": "User: petya has 5 items in order. Their total is $9200.00",
    "action_flag": 2,
    "change_message": "[{\"added\": {\"name\": \"\\u041d\\u0430\\u0438\\u043c\\u0435\\u043d\\u043e\\u0432\\u0430\\u043d\\u0438\\u0435\", \"object\": \"This entry contains 1 \\u0421\\u0442\\u043e\\u043b(s).\"}}]"
  }
},
{
  "model": "admin.logentry",
  "pk": 77,
  "fields": {
    "action_time": "2021-02-13T05:39:22.868Z",
    "user": 4,
    "content_type": 12,
    "object_id": "17",
    "object_repr": "User: petya has 6 items in order. Their total is $9700.00",
    "action_flag": 2,
    "change_message": "[{\"added\": {\"name\": \"\\u041d\\u0430\\u0438\\u043c\\u0435\\u043d\\u043e\\u0432\\u0430\\u043d\\u0438\\u0435\", \"object\": \"This entry contains 1 \\u0401\\u043b\\u043a\\u0430(s).\"}}]"
  }
},
{
  "model": "admin.logentry",
  "pk": 78,
  "fields": {
    "action_time": "2021-02-13T05:41:20.137Z",
    "user": 4,
    "content_type": 12,
    "object_id": "18",
    "object_repr": "User: petya has 0 items in order. Their total is $0.0",
    "action_flag": 1,
    "change_message": "[{\"added\": {}}]"
  }
},
{
  "model": "admin.logentry",
  "pk": 79,
  "fields": {
    "action_time": "2021-02-13T05:41:39.644Z",
    "user": 4,
    "content_type": 12,
    "object_id": "18",
    "object_repr": "User: petya has 0 items in order. Their total is $0.00",
    "action_flag": 3,
    "change_message": ""
  }
},
{
  "model": "admin.logentry",
  "pk": 80,
  "fields": {
    "action_time": "2021-02-14T10:34:11.917Z",
    "user": 4,
    "content_type": 4,
    "object_id": "5",
    "object_repr": "petya",
    "action_flag": 2,
    "change_message": "[{\"changed\": {\"fields\": [\"Active\"]}}]"
  }
},
{
  "model": "admin.logentry",
  "pk": 81,
  "fields": {
    "action_time": "2021-02-14T10:34:17.290Z",
    "user": 4,
    "content_type": 4,
    "object_id": "7",
    "object_repr": "test",
    "action_flag": 2,
    "change_message": "[{\"changed\": {\"fields\": [\"Active\"]}}]"
  }
},
{
  "model": "admin.logentry",
  "pk": 82,
  "fields": {
    "action_time": "2021-02-14T10:46:14.634Z",
    "user": 4,
    "content_type": 8,
    "object_id": "4",
    "object_repr": "56dbe18cd79cd3b2e04d2245c06c5a5597a73a54",
    "action_flag": 2,
    "change_message": "[]"
  }
},
{
  "model": "admin.logentry",
  "pk": 83,
  "fields": {
    "action_time": "2021-02-14T10:47:17.832Z",
    "user": 4,
    "content_type": 8,
    "object_id": "4",
    "object_repr": "56dbe18cd79cd3b2e04d2245c06c5a5597a73a54",
    "action_flag": 3,
    "change_message": ""
  }
},
{
  "model": "admin.logentry",
  "pk": 84,
  "fields": {
    "action_time": "2021-02-17T14:11:49.116Z",
    "user": 4,
    "content_type": 4,
    "object_id": "8",
    "object_repr": "admin",
    "action_flag": 1,
    "change_message": "[{\"added\": {}}]"
  }
},
{
  "model": "admin.logentry",
  "pk": 85,
  "fields": {
    "action_time": "2021-02-17T14:12:22.133Z",
    "user": 4,
    "content_type": 4,
    "object_id": "8",
    "object_repr": "admin",
    "action_flag": 2,
    "change_message": "[{\"changed\": {\"fields\": [\"Staff status\", \"Superuser status\"]}}]"
  }
},
{
  "model": "admin.logentry",
  "pk": 86,
  "fields": {
    "action_time": "2021-02-17T14:13:44.038Z",
    "user": 4,
    "content_type": 8,
    "object_id": "8",
    "object_repr": "b836d180dea51b27d0be83e4bfb2f9de27dee570",
    "action_flag": 1,
    "change_message": "[{\"added\": {}}]"
  }
},
{
  "model": "admin.logentry",
  "pk": 87,
  "fields": {
    "action_time": "2021-02-18T09:29:33.153Z",
    "user": 4,
    "content_type": 8,
    "object_id": "4",
    "object_repr": "e72832803e3c08131d413e45a772655d378a7d6d",
    "action_flag": 1,
    "change_message": "[{\"added\": {}}]"
  }
},
{
  "model": "admin.logentry",
  "pk": 88,
  "fields": {
    "action_time": "2021-02-18T09:30:25.713Z",
    "user": 4,
    "content_type": 8,
    "object_id": "4",
    "object_repr": "e72832803e3c08131d413e45a772655d378a7d6d",
    "action_flag": 3,
    "change_message": ""
  }
},
{
  "model": "admin.logentry",
  "pk": 89,
  "fields": {
    "action_time": "2021-02-18T12:56:55.528Z",
    "user": 4,
    "content_type": 8,
    "object_id": "4",
    "object_repr": "71f92936a905195fb724ddd0d263abf0ea61e6cf",
    "action_flag": 1,
    "change_message": "[{\"added\": {}}]"
  }
},
{
  "model": "admin.logentry",
  "pk": 90,
  "fields": {
    "action_time": "2021-02-19T09:54:02.144Z",
    "user": 4,
    "content_type": 8,
    "object_id": "8",
    "object_repr": "b836d180dea51b27d0be83e4bfb2f9de27dee570",
    "action_flag": 3,
    "change_message": ""
  }
},
{
  "model": "admin.logentry",
  "pk": 91,
  "fields": {
    "action_time": "2021-02-19T09:54:23.445Z",
    "user": 4,
    "content_type": 8,
    "object_id": "4",
    "object_repr": "71f92936a905195fb724ddd0d263abf0ea61e6cf",
    "action_flag": 3,
    "change_message": ""
  }
},
{
  "model": "admin.logentry",
  "pk": 92,
  "fields": {
    "action_time": "2021-02-19T09:54:29.896Z",
    "user": 4,
    "content_type": 8,
    "object_id": "8",
    "object_repr": "a09c1975ca70d0bc212fbbe5b7db7cc597ed6641",
    "action_flag": 1,
    "change_message": "[{\"added\": {}}]"
  }
},
{
  "model": "admin.logentry",
  "pk": 93,
  "fields": {
    "action_time": "2021-02-19T10:16:27.510Z",
    "user": 4,
    "content_type": 10,
    "object_id": "19",
    "object_repr": "Ёлка",
    "action_flag": 1,
    "change_message": "[{\"added\": {}}]"
  }
},
{
  "model": "admin.logentry",
  "pk": 94,
  "fields": {
    "action_time": "2021-02-19T12:56:31.645Z",
    "user": 4,
    "content_type": 8,
    "object_id": "3",
    "object_repr": "a7f47919b671e51a962e6bf0c92d343046b0e2ac",
    "action_flag": 1,
    "change_message": "[{\"added\": {}}]"
  }
},
{
  "model": "admin.logentry",
  "pk": 95,
  "fields": {
    "action_time": "2021-02-19T12:58:07.562Z",
    "user": 4,
    "content_type": 4,
    "object_id": "3",
    "object_repr": "vasia",
    "action_flag": 2,
    "change_message": "[{\"changed\": {\"fields\": [\"Active\"]}}]"
  }
},
{
  "model": "admin.logentry",
  "pk": 96,
  "fields": {
    "action_time": "2021-02-19T13:38:55.862Z",
    "user": 4,
    "content_type": 8,
    "object_id": "3",
    "object_repr": "a7f47919b671e51a962e6bf0c92d343046b0e2ac",
    "action_flag": 3,
    "change_message": ""
  }
},
{
  "model": "admin.logentry",
  "pk": 97,
  "fields": {
    "action_time": "2021-02-23T07:24:35.000Z",
    "user": 4,
    "content_type": 8,
    "object_id": "8",
    "object_repr": "a09c1975ca70d0bc212fbbe5b7db7cc597ed6641",
    "action_flag": 3,
    "change_message": ""
  }
},
{
  "model": "admin.logentry",
  "pk": 98,
  "fields": {
    "action_time": "2021-02-24T09:21:47.853Z",
    "user": 4,
    "content_type": 8,
    "object_id": "4",
    "object_repr": "88d03ea1613508e0b25076b0dbd20a1304d4e980",
    "action_flag": 1,
    "change_message": "[{\"added\": {}}]"
  }
},
{
  "model": "admin.logentry",
  "pk": 99,
  "fields": {
    "action_time": "2021-02-25T10:25:49.993Z",
    "user": 4,
    "content_type": 11,
    "object_id": "12",
    "object_repr": "Для работы",
    "action_flag": 2,
    "change_message": "[{\"changed\": {\"fields\": [\"Products\"]}}]"
  }
},
{
  "model": "auth.permission",
  "pk": 1,
  "fields": {
    "name": "Can add log entry",
    "content_type": 1,
    "codename": "add_logentry"
  }
},
{
  "model": "auth.permission",
  "pk": 2,
  "fields": {
    "name": "Can change log entry",
    "content_type": 1,
    "codename": "change_logentry"
  }
},
{
  "model": "auth.permission",
  "pk": 3,
  "fields": {
    "name": "Can delete log entry",
    "content_type": 1,
    "codename": "delete_logentry"
  }
},
{
  "model": "auth.permission",
  "pk": 4,
  "fields": {
    "name": "Can view log entry",
    "content_type": 1,
    "codename": "view_logentry"
  }
},
{
  "model": "auth.permission",
  "pk": 5,
  "fields": {
    "name": "Can add permission",
    "content_type": 2,
    "codename": "add_permission"
  }
},
{
  "model": "auth.permission",
  "pk": 6,
  "fields": {
    "name": "Can change permission",
    "content_type": 2,
    "codename": "change_permission"
  }
},
{
  "model": "auth.permission",
  "pk": 7,
  "fields": {
    "name": "Can delete permission",
    "content_type": 2,
    "codename": "delete_permission"
  }
},
{
  "model": "auth.permission",
  "pk": 8,
  "fields": {
    "name": "Can view permission",
    "content_type": 2,
    "codename": "view_permission"
  }
},
{
  "model": "auth.permission",
  "pk": 9,
  "fields": {
    "name": "Can add group",
    "content_type": 3,
    "codename": "add_group"
  }
},
{
  "model": "auth.permission",
  "pk": 10,
  "fields": {
    "name": "Can change group",
    "content_type": 3,
    "codename": "change_group"
  }
},
{
  "model": "auth.permission",
  "pk": 11,
  "fields": {
    "name": "Can delete group",
    "content_type": 3,
    "codename": "delete_group"
  }
},
{
  "model": "auth.permission",
  "pk": 12,
  "fields": {
    "name": "Can view group",
    "content_type": 3,
    "codename": "view_group"
  }
},
{
  "model": "auth.permission",
  "pk": 13,
  "fields": {
    "name": "Can add user",
    "content_type": 4,
    "codename": "add_user"
  }
},
{
  "model": "auth.permission",
  "pk": 14,
  "fields": {
    "name": "Can change user",
    "content_type": 4,
    "codename": "change_user"
  }
},
{
  "model": "auth.permission",
  "pk": 15,
  "fields": {
    "name": "Can delete user",
    "content_type": 4,
    "codename": "delete_user"
  }
},
{
  "model": "auth.permission",
  "pk": 16,
  "fields": {
    "name": "Can view user",
    "content_type": 4,
    "codename": "view_user"
  }
},
{
  "model": "auth.permission",
  "pk": 17,
  "fields": {
    "name": "Can add content type",
    "content_type": 5,
    "codename": "add_contenttype"
  }
},
{
  "model": "auth.permission",
  "pk": 18,
  "fields": {
    "name": "Can change content type",
    "content_type": 5,
    "codename": "change_contenttype"
  }
},
{
  "model": "auth.permission",
  "pk": 19,
  "fields": {
    "name": "Can delete content type",
    "content_type": 5,
    "codename": "delete_contenttype"
  }
},
{
  "model": "auth.permission",
  "pk": 20,
  "fields": {
    "name": "Can view content type",
    "content_type": 5,
    "codename": "view_contenttype"
  }
},
{
  "model": "auth.permission",
  "pk": 21,
  "fields": {
    "name": "Can add session",
    "content_type": 6,
    "codename": "add_session"
  }
},
{
  "model": "auth.permission",
  "pk": 22,
  "fields": {
    "name": "Can change session",
    "content_type": 6,
    "codename": "change_session"
  }
},
{
  "model": "auth.permission",
  "pk": 23,
  "fields": {
    "name": "Can delete session",
    "content_type": 6,
    "codename": "delete_session"
  }
},
{
  "model": "auth.permission",
  "pk": 24,
  "fields": {
    "name": "Can view session",
    "content_type": 6,
    "codename": "view_session"
  }
},
{
  "model": "auth.permission",
  "pk": 25,
  "fields": {
    "name": "Can add Token",
    "content_type": 7,
    "codename": "add_token"
  }
},
{
  "model": "auth.permission",
  "pk": 26,
  "fields": {
    "name": "Can change Token",
    "content_type": 7,
    "codename": "change_token"
  }
},
{
  "model": "auth.permission",
  "pk": 27,
  "fields": {
    "name": "Can delete Token",
    "content_type": 7,
    "codename": "delete_token"
  }
},
{
  "model": "auth.permission",
  "pk": 28,
  "fields": {
    "name": "Can view Token",
    "content_type": 7,
    "codename": "view_token"
  }
},
{
  "model": "auth.permission",
  "pk": 29,
  "fields": {
    "name": "Can add token",
    "content_type": 8,
    "codename": "add_tokenproxy"
  }
},
{
  "model": "auth.permission",
  "pk": 30,
  "fields": {
    "name": "Can change token",
    "content_type": 8,
    "codename": "change_tokenproxy"
  }
},
{
  "model": "auth.permission",
  "pk": 31,
  "fields": {
    "name": "Can delete token",
    "content_type": 8,
    "codename": "delete_tokenproxy"
  }
},
{
  "model": "auth.permission",
  "pk": 32,
  "fields": {
    "name": "Can view token",
    "content_type": 8,
    "codename": "view_tokenproxy"
  }
},
{
  "model": "auth.permission",
  "pk": 33,
  "fields": {
    "name": "Can add Продукт",
    "content_type": 9,
    "codename": "add_product"
  }
},
{
  "model": "auth.permission",
  "pk": 34,
  "fields": {
    "name": "Can change Продукт",
    "content_type": 9,
    "codename": "change_product"
  }
},
{
  "model": "auth.permission",
  "pk": 35,
  "fields": {
    "name": "Can delete Продукт",
    "content_type": 9,
    "codename": "delete_product"
  }
},
{
  "model": "auth.permission",
  "pk": 36,
  "fields": {
    "name": "Can view Продукт",
    "content_type": 9,
    "codename": "view_product"
  }
},
{
  "model": "auth.permission",
  "pk": 37,
  "fields": {
    "name": "Can add Отзыв",
    "content_type": 10,
    "codename": "add_review"
  }
},
{
  "model": "auth.permission",
  "pk": 38,
  "fields": {
    "name": "Can change Отзыв",
    "content_type": 10,
    "codename": "change_review"
  }
},
{
  "model": "auth.permission",
  "pk": 39,
  "fields": {
    "name": "Can delete Отзыв",
    "content_type": 10,
    "codename": "delete_review"
  }
},
{
  "model": "auth.permission",
  "pk": 40,
  "fields": {
    "name": "Can view Отзыв",
    "content_type": 10,
    "codename": "view_review"
  }
},
{
  "model": "auth.permission",
  "pk": 41,
  "fields": {
    "name": "Can add Подборка",
    "content_type": 11,
    "codename": "add_productcollections"
  }
},
{
  "model": "auth.permission",
  "pk": 42,
  "fields": {
    "name": "Can change Подборка",
    "content_type": 11,
    "codename": "change_productcollections"
  }
},
{
  "model": "auth.permission",
  "pk": 43,
  "fields": {
    "name": "Can delete Подборка",
    "content_type": 11,
    "codename": "delete_productcollections"
  }
},
{
  "model": "auth.permission",
  "pk": 44,
  "fields": {
    "name": "Can view Подборка",
    "content_type": 11,
    "codename": "view_productcollections"
  }
},
{
  "model": "auth.permission",
  "pk": 45,
  "fields": {
    "name": "Can add Заказ",
    "content_type": 12,
    "codename": "add_order"
  }
},
{
  "model": "auth.permission",
  "pk": 46,
  "fields": {
    "name": "Can change Заказ",
    "content_type": 12,
    "codename": "change_order"
  }
},
{
  "model": "auth.permission",
  "pk": 47,
  "fields": {
    "name": "Can delete Заказ",
    "content_type": 12,
    "codename": "delete_order"
  }
},
{
  "model": "auth.permission",
  "pk": 48,
  "fields": {
    "name": "Can view Заказ",
    "content_type": 12,
    "codename": "view_order"
  }
},
{
  "model": "auth.permission",
  "pk": 49,
  "fields": {
    "name": "Can add positions",
    "content_type": 13,
    "codename": "add_positions"
  }
},
{
  "model": "auth.permission",
  "pk": 50,
  "fields": {
    "name": "Can change positions",
    "content_type": 13,
    "codename": "change_positions"
  }
},
{
  "model": "auth.permission",
  "pk": 51,
  "fields": {
    "name": "Can delete positions",
    "content_type": 13,
    "codename": "delete_positions"
  }
},
{
  "model": "auth.permission",
  "pk": 52,
  "fields": {
    "name": "Can view positions",
    "content_type": 13,
    "codename": "view_positions"
  }
},
{
  "model": "auth.permission",
  "pk": 53,
  "fields": {
    "name": "Can add Наименование",
    "content_type": 14,
    "codename": "add_position"
  }
},
{
  "model": "auth.permission",
  "pk": 54,
  "fields": {
    "name": "Can change Наименование",
    "content_type": 14,
    "codename": "change_position"
  }
},
{
  "model": "auth.permission",
  "pk": 55,
  "fields": {
    "name": "Can delete Наименование",
    "content_type": 14,
    "codename": "delete_position"
  }
},
{
  "model": "auth.permission",
  "pk": 56,
  "fields": {
    "name": "Can view Наименование",
    "content_type": 14,
    "codename": "view_position"
  }
},
{
  "model": "auth.permission",
  "pk": 57,
  "fields": {
    "name": "Can add product list for collection",
    "content_type": 15,
    "codename": "add_productlistforcollection"
  }
},
{
  "model": "auth.permission",
  "pk": 58,
  "fields": {
    "name": "Can change product list for collection",
    "content_type": 15,
    "codename": "change_productlistforcollection"
  }
},
{
  "model": "auth.permission",
  "pk": 59,
  "fields": {
    "name": "Can delete product list for collection",
    "content_type": 15,
    "codename": "delete_productlistforcollection"
  }
},
{
  "model": "auth.permission",
  "pk": 60,
  "fields": {
    "name": "Can view product list for collection",
    "content_type": 15,
    "codename": "view_productlistforcollection"
  }
},
{
  "model": "auth.permission",
  "pk": 61,
  "fields": {
    "name": "Can add Избранное",
    "content_type": 16,
    "codename": "add_favourites"
  }
},
{
  "model": "auth.permission",
  "pk": 62,
  "fields": {
    "name": "Can change Избранное",
    "content_type": 16,
    "codename": "change_favourites"
  }
},
{
  "model": "auth.permission",
  "pk": 63,
  "fields": {
    "name": "Can delete Избранное",
    "content_type": 16,
    "codename": "delete_favourites"
  }
},
{
  "model": "auth.permission",
  "pk": 64,
  "fields": {
    "name": "Can view Избранное",
    "content_type": 16,
    "codename": "view_favourites"
  }
},
{
  "model": "auth.permission",
  "pk": 65,
  "fields": {
    "name": "Can add user methods",
    "content_type": 17,
    "codename": "add_usermethods"
  }
},
{
  "model": "auth.permission",
  "pk": 66,
  "fields": {
    "name": "Can change user methods",
    "content_type": 17,
    "codename": "change_usermethods"
  }
},
{
  "model": "auth.permission",
  "pk": 67,
  "fields": {
    "name": "Can delete user methods",
    "content_type": 17,
    "codename": "delete_usermethods"
  }
},
{
  "model": "auth.permission",
  "pk": 68,
  "fields": {
    "name": "Can view user methods",
    "content_type": 17,
    "codename": "view_usermethods"
  }
},
{
  "model": "auth.user",
  "pk": 2,
  "fields": {
    "password": "pbkdf2_sha256$216000$xkohkWHUuID0$cQwlu4YPpS/SVDNQTkN+vpWt8zxlWx19u57zAbgl6b8=",
    "last_login": null,
    "is_superuser": false,
    "username": "client",
    "first_name": "",
    "last_name": "",
    "email": "",
    "is_staff": false,
    "is_active": false,
    "date_joined": "2021-01-10T07:05:23Z",
    "groups": [],
    "user_permissions": []
  }
},
{
  "model": "auth.user",
  "pk": 3,
  "fields": {
    "password": "pbkdf2_sha256$216000$ojeKwSDKyhtk$ZBDJ/YOZ4Fph6IBEut7d5T/+WllgV16PeTRC6Ci2Nvs=",
    "last_login": null,
    "is_superuser": false,
    "username": "vasia",
    "first_name": "",
    "last_name": "",
    "email": "",
    "is_staff": false,
    "is_active": true,
    "date_joined": "2021-01-10T07:07:24Z",
    "groups": [],
    "user_permissions": []
  }
},
{
  "model": "auth.user",
  "pk": 4,
  "fields": {
    "password": "pbkdf2_sha256$216000$3X1riBFnrZgW$HzLSNDUQbNE/wH0u3XytVn8F3IYCqvwVJfext4BY6xI=",
    "last_login": "2021-02-24T09:21:29.246Z",
    "is_superuser": true,
    "username": "andrey",
    "first_name": "",
    "last_name": "",
    "email": "",
    "is_staff": true,
    "is_active": true,
    "date_joined": "2021-02-11T09:42:00.994Z",
    "groups": [],
    "user_permissions": []
  }
},
{
  "model": "auth.user",
  "pk": 5,
  "fields": {
    "password": "pbkdf2_sha256$216000$AIZakqoSfISq$dMp1GVHNYQh/YpBoB+LJQavHUWHE28eRn1URvDCUHc4=",
    "last_login": null,
    "is_superuser": false,
    "username": "petya",
    "first_name": "",
    "last_name": "",
    "email": "",
    "is_staff": false,
    "is_active": false,
    "date_joined": "2021-02-13T05:38:17Z",
    "groups": [],
    "user_permissions": []
  }
},
{
  "model": "auth.user",
  "pk": 7,
  "fields": {
    "password": "pbkdf2_sha256$216000$xNqjbiuz3Q2O$mRSlv2BATyGFCDahmQKXD1VmdgGAl9lkw4WJ74/ZWwg=",
    "last_login": "2021-02-13T11:12:15Z",
    "is_superuser": false,
    "username": "test",
    "first_name": "",
    "last_name": "",
    "email": "",
    "is_staff": false,
    "is_active": false,
    "date_joined": "2021-02-13T11:09:36Z",
    "groups": [],
    "user_permissions": []
  }
},
{
  "model": "auth.user",
  "pk": 8,
  "fields": {
    "password": "pbkdf2_sha256$216000$iY2MpqSWRno2$fT8txMepn9jECRIcWGeCZU5k8lCnbe4ZhSB41B03Zqs=",
    "last_login": null,
    "is_superuser": true,
    "username": "admin",
    "first_name": "",
    "last_name": "",
    "email": "",
    "is_staff": true,
    "is_active": true,
    "date_joined": "2021-02-17T14:11:48Z",
    "groups": [],
    "user_permissions": []
  }
},
{
  "model": "contenttypes.contenttype",
  "pk": 1,
  "fields": {
    "app_label": "admin",
    "model": "logentry"
  }
},
{
  "model": "contenttypes.contenttype",
  "pk": 2,
  "fields": {
    "app_label": "auth",
    "model": "permission"
  }
},
{
  "model": "contenttypes.contenttype",
  "pk": 3,
  "fields": {
    "app_label": "auth",
    "model": "group"
  }
},
{
  "model": "contenttypes.contenttype",
  "pk": 4,
  "fields": {
    "app_label": "auth",
    "model": "user"
  }
},
{
  "model": "contenttypes.contenttype",
  "pk": 5,
  "fields": {
    "app_label": "contenttypes",
    "model": "contenttype"
  }
},
{
  "model": "contenttypes.contenttype",
  "pk": 6,
  "fields": {
    "app_label": "sessions",
    "model": "session"
  }
},
{
  "model": "contenttypes.contenttype",
  "pk": 7,
  "fields": {
    "app_label": "authtoken",
    "model": "token"
  }
},
{
  "model": "contenttypes.contenttype",
  "pk": 8,
  "fields": {
    "app_label": "authtoken",
    "model": "tokenproxy"
  }
},
{
  "model": "contenttypes.contenttype",
  "pk": 9,
  "fields": {
    "app_label": "shop_api",
    "model": "product"
  }
},
{
  "model": "contenttypes.contenttype",
  "pk": 10,
  "fields": {
    "app_label": "shop_api",
    "model": "review"
  }
},
{
  "model": "contenttypes.contenttype",
  "pk": 11,
  "fields": {
    "app_label": "shop_api",
    "model": "productcollections"
  }
},
{
  "model": "contenttypes.contenttype",
  "pk": 12,
  "fields": {
    "app_label": "shop_api",
    "model": "order"
  }
},
{
  "model": "contenttypes.contenttype",
  "pk": 13,
  "fields": {
    "app_label": "shop_api",
    "model": "positions"
  }
},
{
  "model": "contenttypes.contenttype",
  "pk": 14,
  "fields": {
    "app_label": "shop_api",
    "model": "position"
  }
},
{
  "model": "contenttypes.contenttype",
  "pk": 15,
  "fields": {
    "app_label": "shop_api",
    "model": "productlistforcollection"
  }
},
{
  "model": "contenttypes.contenttype",
  "pk": 16,
  "fields": {
    "app_label": "shop_api",
    "model": "favourites"
  }
},
{
  "model": "contenttypes.contenttype",
  "pk": 17,
  "fields": {
    "app_label": "shop_api",
    "model": "usermethods"
  }
},
{
  "model": "sessions.session",
  "pk": "03o0kjhvgjy793qdu5g6yl09tb77gbmx",
  "fields": {
    "session_data": ".eJxVjEEOwiAQRe_C2hBKCwMu3XsGMsOAVA0kpV0Z765NutDtf-_9lwi4rSVsPS1hZnEWkzj9boTxkeoO-I711mRsdV1mkrsiD9rltXF6Xg7376BgL98aIAGTsRm1tY4HsOCZcsboR2CdwedotDKUHBsHSo0WeWKvtWczOCfeH_JeN9E:1lES3V:WE24WnGgciRYuI5bfdXDe6aS0IvbKxHIkDml8urov0o",
    "expire_date": "2021-03-09T07:24:25.502Z"
  }
},
{
  "model": "sessions.session",
  "pk": "2hy5brksk5401kceb35k9spqfsg6zfrp",
  "fields": {
    "session_data": ".eJxVjEEOwiAQRe_C2hBKCwMu3XsGMsOAVA0kpV0Z765NutDtf-_9lwi4rSVsPS1hZnEWkzj9boTxkeoO-I711mRsdV1mkrsiD9rltXF6Xg7376BgL98aIAGTsRm1tY4HsOCZcsboR2CdwedotDKUHBsHSo0WeWKvtWczOCfeH_JeN9E:1lEqML:qeaudSYg9wPuIbQoG4Yeh0AXWWsgWeHf_iQ10sFD7G0",
    "expire_date": "2021-03-10T09:21:29.255Z"
  }
},
{
  "model": "sessions.session",
  "pk": "7xoy1gvxkjb1s7jq0gbdsiyoq5otibrr",
  "fields": {
    "session_data": ".eJxVjEEOwiAQRe_C2hBKCwMu3XsGMsOAVA0kpV0Z765NutDtf-_9lwi4rSVsPS1hZnEWkzj9boTxkeoO-I711mRsdV1mkrsiD9rltXF6Xg7376BgL98aIAGTsRm1tY4HsOCZcsboR2CdwedotDKUHBsHSo0WeWKvtWczOCfeH_JeN9E:1lA8UY:8nq4AAHq1hOApBreoGEDMrU1_hruA1oG0tmAeGcvlhM",
    "expire_date": "2021-02-25T09:42:30.981Z"
  }
},
{
  "model": "sessions.session",
  "pk": "7xpmy51ld2d3aurgbc6ujvzo7zpwx34y",
  "fields": {
    "session_data": ".eJxVjMsOwiAUBf-FtSFcWii6dN9vIPdBpWogKe3K-O_apAvdnpk5LxVxW3PcWlriLOqiQJ1-N0J-pLIDuWO5Vc21rMtMelf0QZseq6Tn9XD_DjK2_K07JjtZlsFDTxwsBTCIGMB14BCYUUw6O2EwyU3OIVGy5EPX-wGN9-r9Afg4ODs:1kzKOx:ZTNodRZ5IQEPAwYDNd_9w_50P6ZUdVSb_WnqJYepGI0",
    "expire_date": "2021-01-26T14:12:03.111Z"
  }
},
{
  "model": "authtoken.token",
  "pk": "88d03ea1613508e0b25076b0dbd20a1304d4e980",
  "fields": {
    "user": 4,
    "created": "2021-02-24T09:21:47.852Z"
  }
},
{
  "model": "shop_api.product",
  "pk": 1,
  "fields": {
    "name": "Арбуз",
    "description": "Вкусный, сочный",
    "price": 150.0,
    "created_at": "2021-01-08T08:29:22.792Z",
    "updated_at": "2021-01-08T08:29:22.792Z"
  }
},
{
  "model": "shop_api.product",
  "pk": 2,
  "fields": {
    "name": "Стул",
    "description": "Крепкий",
    "price": 800.0,
    "created_at": "2021-01-08T08:30:29.690Z",
    "updated_at": "2021-01-08T08:30:29.690Z"
  }
},
{
  "model": "shop_api.product",
  "pk": 3,
  "fields": {
    "name": "Автомобиль",
    "description": "Б/у, в хорошем состоянии",
    "price": 100000.0,
    "created_at": "2021-01-08T08:33:40.321Z",
    "updated_at": "2021-01-08T08:33:40.321Z"
  }
},
{
  "model": "shop_api.product",
  "pk": 4,
  "fields": {
    "name": "Ёлка",
    "description": "Красивая, пушистая",
    "price": 500.0,
    "created_at": "2021-01-08T08:34:06.842Z",
    "updated_at": "2021-01-08T08:34:06.842Z"
  }
},
{
  "model": "shop_api.product",
  "pk": 5,
  "fields": {
    "name": "Стол",
    "description": "Крепкий",
    "price": 6000.0,
    "created_at": "2021-01-08T08:34:22.789Z",
    "updated_at": "2021-01-08T08:34:22.789Z"
  }
},
{
  "model": "shop_api.product",
  "pk": 8,
  "fields": {
    "name": "Компьютер",
    "description": "Хороший офисный компьютер",
    "price": 35000.0,
    "created_at": "2021-02-19T13:36:43.423Z",
    "updated_at": "2021-02-19T13:36:43.423Z"
  }
},
{
  "model": "shop_api.order",
  "pk": 11,
  "fields": {
    "user": 3,
    "status": "NEW",
    "count": 19,
    "total": 817650.0,
    "created_at": "2021-01-19T09:24:04.415Z",
    "updated_at": "2021-02-19T23:25:43.244Z"
  }
},
{
  "model": "shop_api.order",
  "pk": 12,
  "fields": {
    "user": 2,
    "status": "NEW",
    "count": 3,
    "total": 2100.0,
    "created_at": "2021-01-19T10:06:27.416Z",
    "updated_at": "2021-01-19T20:06:34.340Z"
  }
},
{
  "model": "shop_api.order",
  "pk": 17,
  "fields": {
    "user": 5,
    "status": "NEW",
    "count": 6,
    "total": 9700.0,
    "created_at": "2021-02-13T05:38:49.849Z",
    "updated_at": "2021-02-13T15:39:22.866Z"
  }
},
{
  "model": "shop_api.order",
  "pk": 19,
  "fields": {
    "user": 8,
    "status": "IN_PROGRESS",
    "count": 4,
    "total": 600.0,
    "created_at": "2021-02-19T10:40:47.337Z",
    "updated_at": "2021-02-19T11:09:22.765Z"
  }
},
{
  "model": "shop_api.order",
  "pk": 22,
  "fields": {
    "user": 4,
    "status": "NEW",
    "count": 6,
    "total": 138200.0,
    "created_at": "2021-02-26T12:56:47.539Z",
    "updated_at": "2021-02-26T22:57:16.003Z"
  }
},
{
  "model": "shop_api.position",
  "pk": 1,
  "fields": {
    "product": 1,
    "order": 11,
    "quantity": 1
  }
},
{
  "model": "shop_api.position",
  "pk": 2,
  "fields": {
    "product": 5,
    "order": 11,
    "quantity": 2
  }
},
{
  "model": "shop_api.position",
  "pk": 3,
  "fields": {
    "product": 2,
    "order": 11,
    "quantity": 5
  }
},
{
  "model": "shop_api.position",
  "pk": 4,
  "fields": {
    "product": 4,
    "order": 11,
    "quantity": 1
  }
},
{
  "model": "shop_api.position",
  "pk": 5,
  "fields": {
    "product": 3,
    "order": 11,
    "quantity": 4
  }
},
{
  "model": "shop_api.position",
  "pk": 6,
  "fields": {
    "product": 2,
    "order": 12,
    "quantity": 2
  }
},
{
  "model": "shop_api.position",
  "pk": 7,
  "fields": {
    "product": 4,
    "order": 12,
    "quantity": 1
  }
},
{
  "model": "shop_api.position",
  "pk": 9,
  "fields": {
    "product": 2,
    "order": 17,
    "quantity": 4
  }
},
{
  "model": "shop_api.position",
  "pk": 10,
  "fields": {
    "product": 5,
    "order": 17,
    "quantity": 1
  }
},
{
  "model": "shop_api.position",
  "pk": 11,
  "fields": {
    "product": 4,
    "order": 17,
    "quantity": 1
  }
},
{
  "model": "shop_api.position",
  "pk": 14,
  "fields": {
    "product": 1,
    "order": 19,
    "quantity": 1
  }
},
{
  "model": "shop_api.position",
  "pk": 77,
  "fields": {
    "product": 8,
    "order": 22,
    "quantity": 1
  }
},
{
  "model": "shop_api.position",
  "pk": 78,
  "fields": {
    "product": 3,
    "order": 22,
    "quantity": 1
  }
},
{
  "model": "shop_api.position",
  "pk": 79,
  "fields": {
    "product": 2,
    "order": 22,
    "quantity": 4
  }
},
{
  "model": "shop_api.review",
  "pk": 1,
  "fields": {
    "creator": 3,
    "review_text": "всё-таки неочень",
    "rating": 2,
    "product": 1,
    "created_at": "2021-01-08T10:11:51.276Z",
    "updated_at": "2021-02-19T13:31:21.038Z"
  }
},
{
  "model": "shop_api.review",
  "pk": 2,
  "fields": {
    "creator": 4,
    "review_text": "надёжен",
    "rating": 4,
    "product": 3,
    "created_at": "2021-02-11T10:00:25.194Z",
    "updated_at": "2021-02-12T23:04:44.548Z"
  }
},
{
  "model": "shop_api.review",
  "pk": 3,
  "fields": {
    "creator": 2,
    "review_text": "невкусный",
    "rating": 1,
    "product": 1,
    "created_at": "2021-01-09T02:40:00.619Z",
    "updated_at": "2021-01-10T07:08:56.225Z"
  }
},
{
  "model": "shop_api.review",
  "pk": 20,
  "fields": {
    "creator": 8,
    "review_text": "довольно-таки шустрый",
    "rating": 5,
    "product": 8,
    "created_at": "2021-02-19T13:41:13.041Z",
    "updated_at": "2021-02-19T13:41:13.041Z"
  }
},
{
  "model": "shop_api.productcollections",
  "pk": 11,
  "fields": {
    "title": "Для дома",
    "text": "Товары для семьи и дома",
    "created_at": "2021-02-24T13:43:37.462Z",
    "updated_at": "2021-02-25T09:44:37.580Z",
    "products": [
      2,
      4,
      5,
      8
    ]
  }
},
{
  "model": "shop_api.productcollections",
  "pk": 12,
  "fields": {
    "title": "Для работы",
    "text": "Отличные товары для хобби и работы",
    "created_at": "2021-02-25T09:46:42.356Z",
    "updated_at": "2021-02-25T10:25:49.988Z",
    "products": [
      3,
      5,
      8
    ]
  }
},
{
  "model": "shop_api.favourites",
  "pk": 10,
  "fields": {
    "user": 4,
    "product": 5
  }
},
{
  "model": "shop_api.favourites",
  "pk": 11,
  "fields": {
    "user": 4,
    "product": 3
  }
},
{
  "model": "shop_api.favourites",
  "pk": 12,
  "fields": {
    "user": 4,
    "product": 1
  }
},
{
  "model": "shop_api.favourites",
  "pk": 13,
  "fields": {
    "user": 4,
    "product": 2
  }
},
{
  "model": "shop_api.favourites",
  "pk": 14,
  "fields": {
    "user": 3,
    "product": 2
  }
},
{
  "model": "shop_api.favourites",
  "pk": 15,
  "fields": {
    "user": 4,
    "product": 8
  }
}
]
